{"cameraMode":{"drawMode":0,"name":"Shaded","section":"Shading Mode"},"sceneLighting":true,"audioPlay":false,"sceneViewState":{"showFog":true,"showMaterialUpdate":false,"showSkybox":true,"showFlares":true,"showImageEffects":true,"showParticleSystems":true},"in2DMode":false,"pivot":{"x":0.015500038862228394,"y":1.2400000095367432,"z":-6.345000267028809},"rotation":{"x":-0.06363725662231446,"y":0.8281596899032593,"z":-0.09608031809329987,"w":-0.5485216379165649},"size":11.94789981842041,"orthographic":false}